day,hour,country,price
2024-01-04,07,USA,100789529
2024-01-04,02,UK,100207606
2024-01-04,09,Canada,100559274
2024-01-04,00,Italy,100519715
2024-01-04,11,USA,100754423
2024-01-04,00,France,100832932
2024-01-04,10,Germany,100211506
2024-01-04,10,China,100407237
2024-01-04,02,Italy,100066248
2024-01-04,05,Germany,100359410
2024-01-04,11,India,100958751
2024-01-04,06,France,100596035
2024-01-04,00,Japan,100431536
2024-01-04,11,India,100876116
2024-01-04,05,India,100339070
2024-01-04,01,France,100764988
2024-01-04,07,India,100236954
2024-01-04,08,China,100743382
2024-01-04,07,USA,100305914
2024-01-04,09,UK,100940181
2024-01-04,02,China,100589870
2024-01-04,10,Japan,100041770
2024-01-04,03,USA,100003109
2024-01-04,00,France,100513256
2024-01-04,06,France,100833679
2024-01-04,07,France,100419607
2024-01-04,00,Canada,100230296
2024-01-04,06,UK,100256064
2024-01-04,11,France,100924745
2024-01-04,02,Brazil,100990876
2024-01-04,05,Italy,100382318
2024-01-04,08,USA,100605531
2024-01-04,04,Brazil,100567447
2024-01-04,01,China,100827576
2024-01-04,07,France,100657822
2024-01-04,00,India,100076921
2024-01-04,10,USA,100684616
2024-01-04,05,India,100259607
2024-01-04,00,Canada,100547246
2024-01-04,01,India,100201107
2024-01-04,08,China,100534066
2024-01-04,02,UK,100106819
2024-01-04,11,Brazil,100193569
2024-01-04,11,Brazil,100333080
2024-01-04,02,USA,100320724
2024-01-04,07,Brazil,100160223
2024-01-04,10,USA,100554599
2024-01-04,03,USA,100271873
2024-01-04,10,China,100961575
2024-01-04,07,France,100540029
2024-01-04,09,Japan,100819499
2024-01-04,02,Italy,100579500
2024-01-04,09,China,100414271
2024-01-04,07,Germany,100263505
2024-01-04,00,UK,100158132
2024-01-04,11,China,100820478
2024-01-04,01,Brazil,100825844
2024-01-04,08,France,100163210
2024-01-04,01,Germany,100752866
2024-01-04,09,France,100219287
2024-01-04,01,Italy,100231853
2024-01-04,02,Japan,100279226
2024-01-04,04,Germany,100026468
2024-01-04,11,China,100905155
2024-01-04,05,France,100361225
2024-01-04,08,India,100380487
2024-01-04,04,India,100558889
2024-01-04,04,Germany,100494511
2024-01-05,05,China,100089652
2024-01-05,07,China,100309777
2024-01-05,02,UK,100099614
2024-01-05,03,China,100564566
2024-01-05,09,Canada,100415333
2024-01-05,02,USA,100820133
2024-01-05,11,UK,100041112
2024-01-05,02,UK,100324782
2024-01-05,06,India,100102456
2024-01-05,08,USA,100296257
2024-01-05,11,Italy,100675153
2024-01-05,02,USA,100451567
2024-01-05,08,Germany,100393671
2024-01-05,09,Japan,100658556
2024-01-05,05,Japan,100842470
2024-01-05,09,USA,100951047
2024-01-05,06,Canada,100197243
2024-01-05,07,France,100357613
2024-01-05,07,Germany,100586543
2024-01-05,03,Italy,100283838
2024-01-05,04,France,100405822
2024-01-05,09,Italy,100486808
2024-01-05,01,Brazil,100780146
2024-01-05,11,Germany,100866839
2024-01-05,04,Germany,100809721
2024-01-05,03,Germany,100959870
2024-01-05,00,India,100839372
2024-01-05,02,India,100710337
2024-01-05,07,USA,100324938
2024-01-05,10,Germany,100689996
2024-01-05,09,Japan,100852098
2024-01-05,08,Japan,100742961
2024-01-05,02,UK,100011062
2024-01-05,09,France,100709527
2024-01-05,05,Canada,100806336
2024-01-05,00,Japan,100380767
2024-01-05,00,Canada,100424564
2024-01-05,06,UK,100380232
2024-01-06,05,China,100011473
2024-01-06,03,Canada,100514247
2024-01-06,09,China,100638433
2024-01-06,08,UK,100907742
2024-01-06,06,Germany,100598014
2024-01-06,02,India,100519917
2024-01-06,06,India,100753571
2024-01-06,08,India,100297459
2024-01-06,06,Canada,100601302
2024-01-06,02,USA,100131905
2024-01-06,11,USA,100433187
2024-01-06,10,India,100733014
2024-01-06,11,Canada,100750835
2024-01-06,05,UK,100183163
2024-01-06,05,UK,100367983
2024-01-06,07,Japan,100487846
2024-01-06,02,Japan,100196008
2024-01-06,07,UK,100849285
2024-01-06,04,UK,100082717
2024-01-06,07,France,100420498
2024-01-06,06,China,100251207
2024-01-06,10,China,100619411
2024-01-06,05,Italy,100502113
2024-01-06,08,India,100925568
2024-01-06,00,Brazil,100091036
2024-01-06,03,Brazil,100908387
2024-01-06,05,India,100734070
2024-01-06,09,Germany,100647240
2024-01-06,11,Italy,100861187
2024-01-06,06,USA,100744549
2024-01-06,09,Canada,100889207
2024-01-06,02,UK,100207819
2024-01-06,01,Germany,100064942
2024-01-06,01,Brazil,100258035
2024-01-06,09,India,100849784
2024-01-06,09,Japan,100066379
2024-01-06,01,France,100100370
2024-01-06,10,UK,100750575
2024-01-06,07,Italy,100570720
2024-01-06,00,UK,100801468
2024-01-06,09,Canada,100463096
2024-01-06,07,Japan,100146380
2024-01-06,11,France,100306772
2024-01-06,10,Brazil,100222021
2024-01-06,07,France,100774221
2024-01-07,08,USA,100408300
2024-01-07,03,USA,100619962
2024-01-07,10,Japan,100516820
2024-01-07,03,Canada,100664443
2024-01-07,00,Canada,100835856
2024-01-07,01,Canada,100663499
2024-01-07,11,UK,100624725
2024-01-07,11,Japan,100401678
2024-01-07,05,Brazil,100207729
2024-01-07,04,China,100329009
2024-01-07,01,China,100951238
2024-01-07,09,USA,100964528
2024-01-07,03,India,100679295
2024-01-07,01,France,100769585
2024-01-07,05,Brazil,100200177
2024-01-07,03,UK,100631786
2024-01-07,00,Germany,100538133
2024-01-07,05,Germany,100851551
2024-01-07,00,Italy,100104280
2024-01-07,10,Canada,100552964
2024-01-07,00,Canada,100329581
2024-01-07,03,Italy,100882325
2024-01-07,07,USA,100080998
2024-01-07,05,China,100460913
2024-01-07,03,Italy,100584520
2024-01-07,04,UK,100504727
2024-01-07,00,Japan,100593239
2024-01-07,11,Brazil,100578265
2024-01-07,10,Canada,100270367
2024-01-07,00,USA,100276163
2024-01-07,06,Japan,100349355
2024-01-08,01,China,100392441
2024-01-08,01,UK,100712496
2024-01-08,11,China,100091720
2024-01-08,05,Brazil,100723179
2024-01-08,05,China,100768399
2024-01-08,03,Japan,100225146
2024-01-08,00,USA,100449734
2024-01-08,01,Italy,100839144
2024-01-08,00,Brazil,100871174
2024-01-08,00,France,100980450
2024-01-08,04,India,100472746
2024-01-08,02,Brazil,100814885
2024-01-08,00,Germany,100550803
2024-01-08,05,UK,100886042
2024-01-08,11,Italy,100001607
2024-01-08,08,China,100024842
2024-01-08,01,USA,100882477
2024-01-08,02,Canada,100306868
2024-01-08,03,Brazil,100165789
2024-01-08,05,Germany,100696608
2024-01-08,01,Japan,100008361
2024-01-08,11,Japan,100750789
2024-01-08,08,USA,100673043
2024-01-08,05,Japan,100489947
2024-01-08,01,France,100999996
2024-01-08,07,Brazil,100891717
2024-01-08,03,USA,100857339
2024-01-08,11,Brazil,100447897
2024-01-08,09,Canada,100567821
2024-01-08,09,Brazil,100244154
2024-01-08,04,Brazil,100221528
2024-01-08,04,India,100287829
2024-01-08,00,Canada,100226165
2024-01-08,02,Brazil,100605558
2024-01-08,00,USA,100665372
2024-01-08,09,India,100641547
2024-01-08,01,Germany,100602619
2024-01-08,08,UK,100311481
2024-01-08,09,France,100620853
2024-01-08,09,Italy,100056917
2024-01-08,06,Germany,100349110
2024-01-08,09,USA,100808002
2024-01-08,11,France,100662522
2024-01-08,11,France,100833955
2024-01-08,09,Germany,100896650
2024-01-08,04,China,100204491
2024-01-08,10,Brazil,100172787
2024-01-08,11,USA,100927006
2024-01-08,05,Italy,100973564
2024-01-08,00,India,100442706
2024-01-08,03,UK,100393687
2024-01-08,00,Italy,100881968
2024-01-08,08,India,100835559
2024-01-08,08,India,100530611
2024-01-08,00,France,100318501
2024-01-08,11,Canada,100511140
2024-01-08,00,Canada,100827835
2024-01-08,04,Japan,100866300
2024-01-08,09,India,100153726
2024-01-08,00,UK,100369707
2024-01-08,07,India,100971250
2024-01-08,06,USA,100913456
2024-01-08,08,China,100091575
2024-01-08,11,Brazil,100368013
2024-01-08,08,USA,100739669
2024-01-08,06,Germany,100583227
2024-01-08,05,India,100347053
2024-01-08,05,USA,100066039
2024-01-08,07,China,100326301
2024-01-08,10,France,100072617
2024-01-08,08,UK,100696985
2024-01-08,08,Italy,100058516
2024-01-08,03,France,100712486
2024-01-08,01,Germany,100336007
2024-01-08,07,UK,100758547
2024-01-08,07,UK,100746380
2024-01-08,04,UK,100882675
2024-01-08,09,Italy,100939704
2024-01-08,08,Canada,100180464
2024-01-09,11,Brazil,100462125
2024-01-09,11,France,100570106
2024-01-09,02,Canada,100382590
2024-01-09,04,USA,100773824
2024-01-09,00,USA,100459558
2024-01-09,01,France,100196239
2024-01-09,04,Germany,100080149
2024-01-09,00,Brazil,100483904
2024-01-09,02,UK,100729263
2024-01-09,09,Italy,100527552
2024-01-09,05,USA,100946202
2024-01-09,08,Brazil,100120978
2024-01-09,08,China,100814840
2024-01-09,07,Japan,100460641
2024-01-09,09,Germany,100171485
2024-01-09,10,China,100817993
2024-01-09,02,USA,100106959
2024-01-09,08,USA,100697754
2024-01-09,05,Canada,100339172
2024-01-09,01,Germany,100340467
2024-01-09,04,Japan,100703982
2024-01-09,02,Brazil,100069237
2024-01-09,00,Italy,100873845
2024-01-09,00,India,100998106
2024-01-09,01,China,100769595
2024-01-09,03,Italy,100353975
2024-01-09,11,Canada,100115890
2024-01-09,11,Brazil,100857491
2024-01-09,01,USA,100024080
2024-01-09,01,USA,100742035
2024-01-09,02,India,100881123
2024-01-09,00,India,100779656
2024-01-09,06,France,100123043
2024-01-09,04,UK,100239818
2024-01-09,05,Germany,100220557
2024-01-09,02,Brazil,100123261
2024-01-09,06,Japan,100544974
2024-01-09,00,Canada,100129537
2024-01-09,09,UK,100842779
2024-01-09,10,China,100353708
2024-01-09,01,Canada,100360109
2024-01-09,03,UK,100411805
2024-01-09,08,China,100652607
2024-01-10,06,Germany,100402493
2024-01-10,08,Italy,100880541
2024-01-10,09,Brazil,100535695
2024-01-10,04,USA,100567072
2024-01-10,06,UK,100957026
2024-01-10,03,UK,100351428
2024-01-10,11,Canada,100431607
2024-01-10,03,Canada,100743521
2024-01-10,08,China,100979748
2024-01-10,11,USA,100828582
2024-01-10,04,India,100195355
2024-01-10,03,Japan,100739340
2024-01-10,10,China,100614434
2024-01-10,01,Italy,100041137
2024-01-10,01,Canada,100721771
2024-01-10,08,UK,100344372
2024-01-10,03,Germany,100885036
2024-01-10,07,India,100080716
2024-01-10,01,Brazil,100084506
2024-01-10,04,UK,100535487
2024-01-10,11,India,100939509
2024-01-10,05,UK,100195560
2024-01-10,05,France,100896974
2024-01-10,08,Italy,100368889
2024-01-10,04,India,100025249
2024-01-10,05,Italy,100671379
2024-01-10,00,Canada,100873185
2024-01-10,09,China,100121620
2024-01-10,07,Brazil,100999792
2024-01-10,01,Brazil,100252848
2024-01-10,05,Brazil,100858801
2024-01-10,08,UK,100578943
2024-01-10,01,France,100831938
2024-01-10,02,Italy,100412871
2024-01-10,05,China,100374729
2024-01-10,07,Italy,100716773
2024-01-10,00,UK,100733643
2024-01-10,03,USA,100399865
2024-01-10,11,India,100579083
2024-01-10,00,India,100765193
2024-01-10,10,Canada,100158534
2024-01-10,06,China,100488992
2024-01-10,00,India,100338418
2024-01-10,00,UK,100452586
2024-01-11,05,Germany,100168189
2024-01-11,11,India,100606293
2024-01-11,11,Brazil,100191950
2024-01-11,04,USA,100762623
2024-01-11,09,France,100412807
2024-01-11,10,Germany,100033626
2024-01-11,07,Brazil,100284447
2024-01-11,03,Brazil,100157998
2024-01-11,01,USA,100157780
2024-01-11,06,Canada,100372021
2024-01-11,10,Japan,100602349
2024-01-11,00,India,100500725
2024-01-11,07,France,100500055
2024-01-11,00,Brazil,100229560
2024-01-11,11,Canada,100488473
2024-01-11,05,USA,100579219
2024-01-11,00,France,100622801
2024-01-11,04,China,100347617
2024-01-11,04,Canada,100677317
2024-01-11,01,India,100071931
2024-01-11,00,France,100838547
2024-01-11,06,Germany,100810217
2024-01-11,11,Brazil,100236239
2024-01-11,03,Canada,100296930
2024-01-11,03,Japan,100632023
2024-01-11,08,France,100357457
2024-01-11,04,Japan,100356506
2024-01-11,01,Brazil,100635774
2024-01-11,09,Germany,100664207
2024-01-11,04,Germany,100639926
2024-01-11,01,Canada,100282630
2024-01-11,05,Japan,100477683
2024-01-11,01,Germany,100935303
2024-01-11,01,USA,100754443
2024-01-11,03,India,100777641
2024-01-12,03,UK,100500277
2024-01-12,05,UK,100548118
2024-01-12,10,France,100064239
2024-01-13,05,Brazil,100084133
2024-01-13,11,Germany,100046234
2024-01-13,00,China,100314375
2024-01-13,03,Italy,100958223
2024-01-13,10,UK,100581438
2024-01-13,11,India,100733981
2024-01-13,11,China,100408573
2024-01-13,04,Brazil,100076803
2024-01-13,05,Italy,100645882
2024-01-13,04,Italy,100663601
2024-01-13,09,Brazil,100023036
2024-01-13,01,Italy,100864930
2024-01-13,10,UK,100089497
2024-01-13,05,Italy,100691341
2024-01-13,06,Brazil,100563917
2024-01-13,08,UK,100365219
2024-01-13,02,India,100479245
2024-01-13,07,Italy,100143379
2024-01-13,07,China,100898531
2024-01-13,04,Brazil,100421248
2024-01-13,01,Brazil,100518885
2024-01-13,11,France,100627002
2024-01-13,04,India,100560652
2024-01-13,01,Canada,100617242
2024-01-13,09,France,100961954
2024-01-13,00,China,100379548
2024-01-13,10,Brazil,100946828
2024-01-13,02,Germany,100558382
2024-01-13,06,Italy,100018330
2024-01-13,09,Canada,100478175
2024-01-13,11,USA,100182635
2024-01-13,06,Japan,100498421
2024-01-13,02,Germany,100959276
2024-01-13,11,Canada,100943165
2024-01-13,02,Japan,100176321
2024-01-13,09,China,100716988
2024-01-13,08,Japan,100785016
2024-01-13,09,Germany,100269935
2024-01-13,08,India,100341248
2024-01-13,00,China,100622002
2024-01-13,08,Germany,100870776
2024-01-13,00,France,100061406
2024-01-13,02,India,100411566
2024-01-13,04,USA,100913735
2024-01-13,04,France,100828089
2024-01-13,04,Brazil,100178094
2024-01-13,02,Germany,100525615
2024-01-13,03,Japan,100251785
2024-01-13,02,USA,100900613
2024-01-13,07,India,100551970
2024-01-13,11,USA,100998914
2024-01-13,11,Canada,100966885
2024-01-13,03,USA,100683018
2024-01-13,06,Italy,100108232
2024-01-13,01,UK,100636242
2024-01-13,09,UK,100252358
2024-01-13,02,Italy,100854392
2024-01-13,03,Canada,100821196
2024-01-13,11,Japan,100750246
2024-01-13,04,USA,100339730
2024-01-13,02,UK,100619143
2024-01-13,01,Italy,100072086
2024-01-13,03,Germany,100518067
2024-01-13,02,China,100399349
2024-01-13,06,Brazil,100917552
2024-01-13,09,India,100826110
2024-01-13,09,UK,100171602
2024-01-13,03,France,100190261
2024-01-13,05,India,100876126
2024-01-13,07,Germany,100294129
2024-01-13,00,Italy,100873533
2024-01-13,00,USA,100512801
2024-01-13,06,Brazil,100744340
2024-01-13,06,Germany,100171227
2024-01-13,02,Canada,100293049
2024-01-13,05,Brazil,100433684
2024-01-13,11,Germany,100007687
2024-01-13,04,France,100609465
2024-01-13,10,Japan,100142683
2024-01-13,05,France,100995051
2024-01-13,11,Japan,100099197
2024-01-13,02,Japan,100822599
2024-01-13,10,China,100311666
2024-01-14,03,India,100710251
2024-01-14,06,USA,100197757
2024-01-14,05,Germany,100206274
2024-01-14,03,China,100198807
2024-01-14,03,France,100058106
2024-01-14,04,France,100736518
2024-01-14,05,India,100386109
2024-01-14,03,UK,100215490
2024-01-14,08,India,100351012
2024-01-14,09,China,100685123
2024-01-14,04,Brazil,100650947
2024-01-14,10,Brazil,100798926
2024-01-14,00,Italy,100032407
2024-01-14,01,Japan,100464284
2024-01-14,11,Brazil,100951265
2024-01-14,09,UK,100595245
2024-01-14,01,UK,100871407
2024-01-14,02,Japan,100448750
2024-01-14,06,UK,100959554
2024-01-14,09,Canada,100937742
2024-01-14,05,Canada,100098111
2024-01-14,08,Germany,100946424
2024-01-14,10,France,100677135
2024-01-14,07,Canada,100751006
2024-01-14,08,Japan,100541564
2024-01-14,00,Japan,100580408
2024-01-14,02,USA,100797518
2024-01-14,02,Germany,100448919
2024-01-14,09,USA,100831240
2024-01-14,05,Germany,100347957
2024-01-14,09,France,100431677
2024-01-14,06,India,100745286
2024-01-14,02,UK,100846510
2024-01-14,04,USA,100163557
2024-01-14,07,Japan,100537794
2024-01-14,10,India,100592026
2024-01-14,09,USA,100885309
2024-01-14,01,Canada,100965439
2024-01-14,09,Germany,100904152
2024-01-14,03,Japan,100513622
2024-01-14,06,USA,100187004
2024-01-14,01,Italy,100303900
2024-01-14,11,France,100660884
2024-01-14,08,India,100274228
2024-01-14,00,Japan,100482375
2024-01-14,05,Brazil,100830572
2024-01-14,08,USA,100275503
2024-01-14,08,France,100642038
2024-01-14,11,Brazil,100204717
2024-01-14,00,Germany,100924132
2024-01-14,02,UK,100203208
2024-01-14,07,UK,100368782
2024-01-14,11,Brazil,100105749
2024-01-14,07,France,100876478
2024-01-14,02,China,100066102
2024-01-14,11,UK,100857932
2024-01-14,03,China,100107544
2024-01-14,05,India,100765438
2024-01-14,08,Brazil,100921210
2024-01-14,02,China,100870424
2024-01-14,06,China,100374781
2024-01-14,08,UK,100159737
2024-01-14,05,Germany,100454449
2024-01-14,04,Brazil,100531397
2024-01-14,08,Italy,100445532
2024-01-14,03,France,100964885
2024-01-14,07,China,100652998
2024-01-14,06,Italy,100225706
2024-01-14,08,Brazil,100118019
2024-01-14,10,Brazil,100965918
2024-01-14,04,Brazil,100278357
2024-01-14,08,USA,100434348
2024-01-14,02,Canada,100031755
2024-01-14,00,UK,100225553
2024-01-14,10,Brazil,100237117
2024-01-14,03,Italy,100548410
2024-01-14,09,Germany,100746575
2024-01-14,00,Japan,100075938
2024-01-14,09,Japan,100738453
2024-01-14,07,Italy,100704852
2024-01-14,09,Germany,100831425
2024-01-14,10,Japan,100277164
2024-01-14,05,Canada,100664645
2024-01-14,01,China,100393875
2024-01-14,11,Germany,100643626
2024-01-14,09,Germany,100334019
2024-01-14,05,Germany,100527255
2024-01-14,06,France,100071157
2024-01-14,06,USA,100247148
2024-01-14,02,Brazil,100268783
2024-01-14,11,Canada,100902534
2024-01-14,07,Italy,100394593
2024-01-14,00,France,100220292
2024-01-14,10,China,100173556
2024-01-14,03,Japan,100067095
2024-01-14,01,UK,100835765
2024-01-15,08,Germany,100898130
2024-01-15,02,China,100479219
2024-01-15,01,Brazil,100287502
2024-01-15,05,USA,100376201
2024-01-15,11,Germany,100929481
2024-01-15,04,China,100350026
2024-01-15,02,Italy,100254298
2024-01-15,05,Canada,100106584
2024-01-15,11,China,100906970
2024-01-15,06,Brazil,100229788
2024-01-15,11,Germany,100244964
2024-01-15,09,Canada,100800254
2024-01-15,05,France,100394880
2024-01-15,11,India,100841597
2024-01-15,11,India,100257124
2024-01-15,09,Japan,100022655
2024-01-15,08,Italy,100843890
2024-01-15,01,India,100993735
2024-01-15,08,France,100194430
2024-01-15,05,Japan,100431189
2024-01-15,02,Italy,100769170
2024-01-15,08,France,100087096
2024-01-15,11,UK,100514116
2024-01-15,04,UK,100044984
2024-01-15,10,India,100749867
2024-01-15,04,Italy,100993511
2024-01-15,11,China,100131126
2024-01-15,04,UK,100247838
2024-01-15,03,Canada,100368711
2024-01-15,10,China,100595103
2024-01-15,10,Italy,100609649
2024-01-15,05,Brazil,100042576
2024-01-15,03,USA,100735271
2024-01-15,04,France,100148785
2024-01-15,05,Japan,100493981
2024-01-15,05,Brazil,100840891
2024-01-15,10,Germany,100016110
2024-01-15,02,France,100484208
2024-01-15,10,Italy,100243089
2024-01-15,00,Brazil,100657545
2024-01-15,02,UK,100312609
2024-01-15,11,USA,100033917
2024-01-15,08,Canada,100835094
2024-01-15,07,France,100501267
2024-01-15,02,Brazil,100031054
2024-01-15,11,USA,100214972
2024-01-15,09,China,100244919
2024-01-15,08,China,100246772
2024-01-15,03,Germany,100890232
2024-01-15,04,India,100687280
2024-01-15,11,UK,100185915
2024-01-15,09,Canada,100899365
2024-01-15,01,China,100772841
2024-01-15,11,Brazil,100548106
2024-01-15,09,Germany,100177431
2024-01-15,11,Canada,100391815
2024-01-15,09,Italy,100606307
2024-01-15,03,China,100655924
2024-01-15,01,Brazil,100404186
2024-01-15,08,USA,100768251
2024-01-15,11,Italy,100216309
2024-01-15,09,USA,100209998
2024-01-15,11,Japan,100615042
2024-01-15,07,USA,100339147
2024-01-15,08,Japan,100061685
2024-01-15,07,Japan,100780586
2024-01-15,00,Canada,100656022
2024-01-15,07,India,100417877
2024-01-15,01,UK,100158713
2024-01-15,07,Japan,100569518
2024-01-15,10,Italy,100455427
2024-01-15,08,Germany,100947626
2024-01-15,03,China,100293186
2024-01-15,02,UK,100142801
2024-01-15,10,USA,100728647
2024-01-15,07,USA,100748909
2024-01-15,10,France,100381572
2024-01-15,01,India,100564071
2024-01-15,06,Italy,100579497
2024-01-15,11,Germany,100335482
2024-01-15,06,Italy,100220214
2024-01-15,01,Canada,100837804
2024-01-15,06,Italy,100280734
2024-01-15,06,China,100237460
2024-01-15,01,USA,100561687
2024-01-15,00,China,100169730
2024-01-16,08,Japan,100997576
2024-01-16,11,China,100109476
2024-01-16,05,Japan,100221676
2024-01-16,09,India,100577210
2024-01-16,09,Brazil,100905287
2024-01-16,10,France,100144331
2024-01-16,10,Germany,100515819
2024-01-16,08,Brazil,100905191
2024-01-16,03,Japan,100198046
2024-01-16,00,China,100762533
2024-01-16,10,India,100883244
2024-01-16,11,UK,100979088
2024-01-16,07,UK,100686626
2024-01-16,10,USA,100636010
2024-01-16,11,France,100009170
2024-01-16,10,France,100440570
2024-01-16,06,China,100336161
2024-01-16,09,USA,100192047
2024-01-16,04,Germany,100651452
2024-01-16,10,Brazil,100995537
2024-01-16,08,USA,100978165
2024-01-16,02,France,100549958
2024-01-16,09,USA,100333085
2024-01-16,05,Japan,100607134
2024-01-16,04,UK,100880011
2024-01-16,02,Canada,100591636
2024-01-16,01,France,100831350
2024-01-16,03,Germany,100416388
2024-01-16,08,China,100206304
2024-01-16,02,USA,100329055
2024-01-16,01,France,100727157
2024-01-16,10,UK,100394725
2024-01-16,11,Italy,100904503
2024-01-16,08,China,100324785
2024-01-16,10,India,100044785
2024-01-16,09,India,100107701
2024-01-16,11,Germany,100300550
2024-01-16,01,India,100169372
2024-01-16,04,India,100213599
2024-01-16,09,Italy,100694656
2024-01-16,04,Germany,100929961
2024-01-16,08,France,100626953
2024-01-16,06,USA,100650457
2024-01-16,04,Brazil,100675584
2024-01-16,09,Germany,100058837
2024-01-16,00,France,100457620
2024-01-16,06,Japan,100074268
2024-01-16,05,USA,100256612
2024-01-16,06,Italy,100885910
2024-01-16,08,India,100058632
2024-01-16,07,China,100061963
2024-01-16,03,UK,100376193
2024-01-16,06,Brazil,100853421
2024-01-16,06,Germany,100479637
2024-01-16,04,Germany,100516981
2024-01-17,00,UK,100063450
2024-01-17,04,UK,100862591
2024-01-17,03,Italy,100709534
2024-01-17,10,Germany,100021722
2024-01-17,03,China,100380696
2024-01-17,05,China,100879121
2024-01-17,07,Italy,100687044
2024-01-17,07,Canada,100414566
2024-01-17,07,UK,100023426
2024-01-17,04,Japan,100388410
2024-01-17,07,Germany,100674663
2024-01-17,05,Brazil,100142921
2024-01-17,03,Brazil,100452092
2024-01-17,04,Japan,100674847
2024-01-17,00,France,100537059
2024-01-17,06,Italy,100288548
2024-01-17,00,UK,100933037
2024-01-17,06,Japan,100520857
2024-01-17,07,Japan,100237088
2024-01-17,08,France,100863054
2024-01-17,06,France,100782091
2024-01-17,07,Germany,100522221
2024-01-17,02,Brazil,100624620
2024-01-17,01,USA,100014580
2024-01-17,08,Germany,100470100
2024-01-17,02,Germany,100091031
2024-01-17,05,Italy,100262457
2024-01-17,08,India,100852789
2024-01-17,00,Japan,100243727
2024-01-17,00,UK,100428590
2024-01-17,09,Brazil,100761610
2024-01-17,08,France,100256636
2024-01-17,01,Germany,100025283
2024-01-17,07,France,100844250
2024-01-17,07,China,100072698
2024-01-17,04,Japan,100523821
2024-01-17,06,USA,100447110
2024-01-17,08,UK,100053650
2024-01-17,09,Brazil,100639482
2024-01-17,11,Canada,100023445
2024-01-18,05,India,100863010
2024-01-18,10,India,100874457
2024-01-18,00,China,100230693
2024-01-18,04,Brazil,100280936
2024-01-18,10,Brazil,100829508
2024-01-18,08,UK,100348375
2024-01-18,05,France,100780309
2024-01-18,08,Japan,100813944
2024-01-18,03,Germany,100616210
2024-01-18,01,USA,100202861
2024-01-18,07,China,100077617
2024-01-18,03,Germany,100889348
2024-01-18,02,India,100295705
2024-01-18,01,France,100481389
2024-01-18,01,Germany,100239218
2024-01-18,11,Germany,100146365
2024-01-18,04,Canada,100288958
2024-01-18,06,Canada,100167331
2024-01-18,10,India,100414006
2024-01-18,02,Germany,100781704
2024-01-18,03,UK,100093567
2024-01-18,00,Italy,100726153
2024-01-18,11,Canada,100648274
2024-01-18,00,Canada,100814195
2024-01-18,02,USA,100503000
2024-01-18,05,USA,100455687
2024-01-18,08,France,100433149
2024-01-18,03,Italy,100058318
2024-01-18,05,China,100668047
2024-01-18,05,Brazil,100157209
2024-01-18,05,France,100575875
2024-01-18,08,USA,100748685
2024-01-18,09,Germany,100751616
2024-01-18,10,Canada,100923926
2024-01-18,09,Germany,100880002
2024-01-18,09,Brazil,100278863
2024-01-18,10,France,100018455
2024-01-18,03,Germany,100489094
2024-01-18,04,France,100686936
2024-01-18,09,Italy,100165574
2024-01-18,04,Japan,100559371
2024-01-18,10,India,100841174
2024-01-18,11,France,100607958
2024-01-18,11,France,100138179
2024-01-18,07,China,100347940
2024-01-18,09,UK,100530458
2024-01-18,02,Italy,100246552
2024-01-18,10,UK,100128148
2024-01-18,07,Canada,100953103
2024-01-18,02,UK,100459886
2024-01-18,00,France,100971264
2024-01-18,03,Japan,100146546
2024-01-18,10,Italy,100894485
2024-01-18,04,UK,100569497
2024-01-18,06,UK,100955896
2024-01-18,01,Italy,100332555
2024-01-18,03,USA,100797013
2024-01-18,11,Germany,100245940
2024-01-18,04,USA,100346665
2024-01-18,11,Germany,100783062
2024-01-18,00,Italy,100909925
2024-01-18,02,Canada,100205564
2024-01-18,10,Canada,100128536
2024-01-18,11,France,100583403
2024-01-18,04,Germany,100671027
2024-01-18,04,UK,100109081
2024-01-18,11,Canada,100135125
2024-01-18,07,Italy,100205481
2024-01-18,11,USA,100148570
2024-01-18,11,Canada,100390963
2024-01-18,07,USA,100616133
2024-01-18,03,France,100432550
2024-01-18,06,UK,100823221
2024-01-18,10,India,100617360
2024-01-18,02,France,100796713
2024-01-18,05,USA,100063271
2024-01-18,00,Germany,100605320
2024-01-18,07,USA,100108390
2024-01-18,04,Brazil,100126889
2024-01-18,10,UK,100501999
2024-01-19,00,France,100763063
2024-01-19,11,China,100444650
2024-01-19,09,India,100809957
2024-01-19,07,Germany,100101676
2024-01-19,05,Canada,100084866
2024-01-19,09,UK,100258144
2024-01-19,05,Germany,100557902
2024-01-19,05,China,100278061
2024-01-19,05,Japan,100976531
2024-01-19,05,UK,100813294
2024-01-19,07,USA,100048359
2024-01-19,07,Italy,100214024
2024-01-19,11,India,100075259
2024-01-19,10,Brazil,100476390
2024-01-19,07,India,100372145
2024-01-19,02,France,100923107
2024-01-19,00,Canada,100233947
2024-01-19,04,Germany,100997437
2024-01-19,01,Canada,100601582
2024-01-19,08,Canada,100779031
2024-01-19,08,India,100076176
2024-01-19,01,USA,100526862
2024-01-19,05,China,100419766
2024-01-19,04,China,100622457
2024-01-19,06,Italy,100734679
2024-01-19,11,China,100691976
2024-01-19,11,India,100466450
2024-01-19,03,UK,100584475
2024-01-19,08,UK,100272270
2024-01-19,05,Brazil,100378734
2024-01-19,00,Germany,100935168
2024-01-19,04,Brazil,100788696
2024-01-19,00,India,100091488
2024-01-19,06,Germany,100052860
2024-01-19,02,Italy,100809873
2024-01-19,06,France,100862890
2024-01-19,01,UK,100813261
2024-01-19,05,Brazil,100664726
2024-01-19,05,Italy,100402258
2024-01-19,07,China,100679590
2024-01-19,00,USA,100533433
2024-01-19,06,UK,100926631
2024-01-19,05,Brazil,100996420
2024-01-19,06,Japan,100125815
2024-01-19,03,Brazil,100660370
2024-01-20,10,Canada,100324410
2024-01-20,05,UK,100820964
2024-01-20,10,USA,100010716
2024-01-20,09,Italy,100090172
2024-01-20,01,USA,100502898
2024-01-20,04,Italy,100331153
2024-01-20,05,India,100367531
2024-01-20,00,Japan,100507257
2024-01-20,08,Germany,100383632
2024-01-20,10,UK,100488612
2024-01-20,02,UK,100956543
2024-01-20,04,India,100526817
2024-01-20,08,Germany,100146740
2024-01-20,04,France,100742807
2024-01-20,00,USA,100710183
2024-01-20,05,Canada,100689761
2024-01-20,07,Japan,100906740
2024-01-20,07,Canada,100483825
2024-01-20,10,Japan,100807901
2024-01-20,04,Brazil,100452776
2024-01-20,00,France,100220053
2024-01-20,05,India,100196945
2024-01-20,03,Germany,100584779
2024-01-20,01,Italy,100623623
2024-01-20,06,Brazil,100974999
2024-01-20,01,Germany,100638935
2024-01-20,09,China,100604015
2024-01-20,09,USA,100370052
2024-01-20,06,Brazil,100944329
2024-01-20,10,Italy,100814213
2024-01-20,04,USA,100426267
2024-01-20,08,India,100336810
2024-01-20,05,Germany,100987232
2024-01-20,04,UK,100952702
2024-01-20,10,USA,100271363
2024-01-20,07,Italy,100247479
2024-01-20,09,Germany,100003679
2024-01-20,02,India,100476313
2024-01-20,09,India,100407338
2024-01-20,06,India,100515435
2024-01-20,04,France,100408780
2024-01-20,04,India,100097077
2024-01-20,02,Canada,100720840
2024-01-20,08,USA,100091841
2024-01-20,11,Germany,100558611
2024-01-20,10,USA,100754950
2024-01-20,06,India,100318244
2024-01-20,08,Japan,100469355
2024-01-20,03,USA,100900165
2024-01-20,05,France,100507448
2024-01-20,08,Brazil,100048160
2024-01-20,05,Canada,100011177
2024-01-20,04,Germany,100870423
2024-01-20,00,Italy,100167877
2024-01-20,05,Japan,100508134
2024-01-20,04,Brazil,100037513
2024-01-20,00,UK,100715640
2024-01-20,00,Japan,100911928
2024-01-20,04,UK,100281358
2024-01-20,04,Brazil,100984701
2024-01-20,09,China,100917571
2024-01-20,01,Germany,100301403
2024-01-20,08,Brazil,100378291
2024-01-20,09,India,100125422
2024-01-20,08,UK,100955618
2024-01-20,09,UK,100512778
2024-01-20,04,China,100248061
2024-01-20,09,India,100440543
2024-01-21,07,UK,100576876
2024-01-21,08,Japan,100593733
2024-01-21,10,USA,100590160
2024-01-21,08,India,100503549
2024-01-21,05,Germany,100981767
2024-01-21,01,Brazil,100949779
2024-01-21,00,Brazil,100294178
2024-01-21,09,Brazil,100683105
2024-01-21,11,France,100754077
2024-01-21,10,Brazil,100639800
2024-01-21,06,Japan,100483453
2024-01-21,07,Japan,100010966
2024-01-21,01,UK,100283379
2024-01-21,04,France,100502471
2024-01-21,10,France,100592947
2024-01-21,09,UK,100205921
2024-01-21,09,Germany,100407466
2024-01-21,05,USA,100782937
2024-01-21,01,Canada,100448384
2024-01-21,02,China,100336127
2024-01-21,09,Italy,100080078
2024-01-21,04,Germany,100575732
2024-01-21,10,Canada,100210931
2024-01-21,02,India,100678009
2024-01-21,08,Germany,100591957
2024-01-21,08,Brazil,100769333
2024-01-21,04,USA,100778977
2024-01-21,02,France,100268874
2024-01-21,03,USA,100081868
2024-01-21,09,USA,100891153
2024-01-21,09,UK,100469094
2024-01-21,02,Germany,100272807
2024-01-21,10,Germany,100162583
2024-01-21,01,Canada,100455815
2024-01-21,11,UK,100736632
2024-01-21,01,India,100082311
2024-01-21,06,USA,100120371
2024-01-21,00,Japan,100538101
2024-01-21,06,France,100695652
2024-01-21,07,Japan,100591059
2024-01-21,09,USA,100972242
2024-01-21,00,Japan,100290224
2024-01-21,04,Canada,100963057
2024-01-21,02,UK,100754475
2024-01-21,09,USA,100805477
2024-01-21,01,UK,100348998
2024-01-21,10,Germany,100254061
2024-01-21,07,USA,100997621
2024-01-21,10,UK,100897004
2024-01-21,06,Canada,100817203
2024-01-21,04,Canada,100443960
2024-01-21,06,India,100520310
2024-01-21,00,Italy,100023129
2024-01-21,08,USA,100674221
2024-01-21,03,Germany,100629270
2024-01-21,11,Canada,100903397
2024-01-21,09,Italy,100211691
2024-01-21,03,Germany,100543626
2024-01-21,01,Germany,100649975
2024-01-21,11,France,100495595
2024-01-21,02,Japan,100063374
2024-01-21,00,Italy,100104553
2024-01-21,00,Germany,100017771
2024-01-21,01,Canada,100233704
2024-01-21,00,India,100132644
2024-01-21,03,Japan,100066136
2024-01-21,08,Germany,100421879
2024-01-21,05,China,100520725
2024-01-21,05,Germany,100604997
2024-01-21,06,India,100799260
2024-01-21,08,UK,100856019
2024-01-21,11,China,100980440
2024-01-21,00,USA,100497537
2024-01-21,07,France,100523958
2024-01-21,00,UK,100136583
2024-01-21,06,Brazil,100706722
2024-01-22,09,USA,100646752
2024-01-22,10,Germany,100881925
2024-01-22,09,Italy,100189299
2024-01-22,08,Japan,100257914
2024-01-22,11,China,100982386
2024-01-22,03,Brazil,100464997
2024-01-22,11,USA,100354878
2024-01-22,09,Brazil,100591342
2024-01-22,04,UK,100561658
2024-01-22,09,Italy,100629226
2024-01-22,04,Canada,100896889
2024-01-22,08,Brazil,100449136
2024-01-22,03,Germany,100958733
2024-01-22,02,Japan,100067480
2024-01-22,06,France,100385101
2024-01-22,10,France,100257881
2024-01-22,10,USA,100640144
2024-01-22,00,China,100363911
2024-01-22,09,Japan,100910324
2024-01-22,06,China,100506241
2024-01-22,06,Canada,100575228
2024-01-22,01,Canada,100927429
2024-01-22,11,Brazil,100532282
2024-01-22,03,USA,100521514
2024-01-22,06,Italy,100408214
2024-01-22,11,UK,100196679
2024-01-22,04,China,100887589
2024-01-22,02,UK,100850926
2024-01-22,00,China,100608369
2024-01-22,09,Canada,100058288
2024-01-22,05,France,100318929
2024-01-22,05,France,100159293
2024-01-22,04,USA,100320669
2024-01-22,03,Brazil,100866650
2024-01-22,07,USA,100628816
2024-01-22,02,USA,100489081
2024-01-22,07,USA,100696076
2024-01-22,08,Brazil,100794141
2024-01-22,00,India,100620651
2024-01-22,07,UK,100009780
2024-01-23,09,Brazil,100334015
2024-01-23,08,UK,100482346
2024-01-23,02,Germany,100182722
2024-01-23,02,France,100289724
2024-01-23,11,USA,100352488
2024-01-23,11,India,100179065
2024-01-23,05,Canada,100307183
2024-01-23,07,Germany,100057394
2024-01-23,08,France,100309511
2024-01-23,10,UK,100561955
2024-01-23,08,France,100812570
2024-01-23,06,China,100116533
2024-01-23,10,UK,100459177
2024-01-23,05,Germany,100836358
2024-01-23,00,Italy,100939770
2024-01-24,01,Germany,100500788
2024-01-24,10,Italy,100609699
2024-01-24,09,China,100041024
2024-01-24,10,Brazil,100205640
2024-01-24,00,UK,100323770
2024-01-24,09,Japan,100103611
2024-01-25,05,Canada,100179442
2024-01-25,05,Canada,100223025
2024-01-25,08,Japan,100683758
2024-01-25,04,UK,100769146
2024-01-25,08,Brazil,100203774
2024-01-25,05,France,100668773
2024-01-25,01,USA,100904294
2024-01-25,00,Canada,100210804
2024-01-25,04,Germany,100059356
2024-01-25,07,Canada,100879821
2024-01-25,00,Italy,100105360
2024-01-25,00,France,100833744
2024-01-25,07,Canada,100659148
2024-01-25,06,France,100785776
2024-01-25,08,China,100946937
2024-01-25,11,UK,100533368
2024-01-25,11,Japan,100827392
2024-01-25,00,China,100506431
2024-01-25,02,Brazil,100598495
2024-01-25,01,Brazil,100050382
2024-01-25,01,USA,100701345
2024-01-25,10,UK,100229456
2024-01-25,10,Germany,100600385
2024-01-25,02,Canada,100349171
2024-01-25,01,India,100957103
2024-01-25,09,China,100980309
2024-01-25,01,USA,100838630
2024-01-25,00,India,100030234
2024-01-25,00,Canada,100539232
2024-01-25,11,Japan,100494774
2024-01-25,00,Canada,100269471
2024-01-25,11,Canada,100576977
2024-01-25,09,Germany,100446823
2024-01-25,03,Canada,100497809
2024-01-25,04,Italy,100913436
2024-01-25,06,Italy,100860077
2024-01-25,09,USA,100444571
2024-01-25,01,Japan,100091703
2024-01-25,00,Japan,100867235
2024-01-25,01,Japan,100527822
2024-01-25,10,USA,100720700
2024-01-25,00,Japan,100758149
2024-01-25,06,Japan,100012366
2024-01-25,05,China,100023407
2024-01-25,05,France,100379326
2024-01-25,10,Canada,100432729
2024-01-25,00,Italy,100996396
2024-01-25,08,India,100074124
2024-01-25,02,France,100369532
2024-01-25,08,India,100469016
2024-01-25,04,USA,100757009
2024-01-25,03,Brazil,100895238
2024-01-25,09,India,100418335
2024-01-25,00,Brazil,100019849
2024-01-25,05,Germany,100878298
2024-01-25,07,France,100028728
2024-01-25,10,USA,100936927
2024-01-25,03,France,100004495
2024-01-25,08,China,100953220
2024-01-25,09,USA,100467683
2024-01-25,07,Italy,100097125
2024-01-25,03,Canada,100226693
2024-01-25,03,China,100587764
2024-01-25,01,Japan,100358058
2024-01-25,10,India,100178846
2024-01-25,00,Italy,100171689
2024-01-25,00,China,100225655
2024-01-25,04,Brazil,100323444
2024-01-25,06,India,100658391
2024-01-25,11,USA,100388081
2024-01-25,09,Canada,100572993
2024-01-25,03,UK,100411766
2024-01-25,04,UK,100154375
2024-01-25,01,India,100127395
2024-01-25,07,India,100454346
2024-01-25,00,Brazil,100700694
2024-01-25,10,USA,100448700
2024-01-25,04,Japan,100149846
2024-01-25,04,France,100887216
2024-01-25,10,Italy,100742021
2024-01-25,10,Italy,100054821
2024-01-25,06,China,100615247
2024-01-25,05,Canada,100955773
2024-01-25,05,Canada,100473124
2024-01-25,06,UK,100722844
2024-01-25,11,Brazil,100691368
2024-01-25,03,Brazil,100060338
2024-01-25,02,UK,100406203
2024-01-25,07,Germany,100923413
2024-01-25,01,Italy,100718728
2024-01-25,11,India,100462897
2024-01-25,05,Germany,100262507
2024-01-25,09,France,100712694
2024-01-25,02,USA,100554423
2024-01-25,07,Brazil,100791578
2024-01-25,09,Brazil,100658077
2024-01-26,02,Japan,100619446
2024-01-26,00,Brazil,100715982
2024-01-26,08,India,100687523
2024-01-26,11,Brazil,100373679
2024-01-26,00,Japan,100481623
2024-01-26,07,Canada,100127173
2024-01-26,11,Germany,100255783
2024-01-26,02,France,100123233
2024-01-26,02,China,100405687
2024-01-26,02,Canada,100240793
2024-01-26,11,Italy,100000217
2024-01-26,05,Germany,100263774
2024-01-26,07,India,100836815
2024-01-26,08,China,100161604
2024-01-26,03,China,100533942
2024-01-26,04,UK,100970965
2024-01-26,03,Japan,100588138
2024-01-26,03,USA,100636926
2024-01-26,01,Italy,100913325
2024-01-26,11,India,100096413
2024-01-26,09,UK,100497016
2024-01-26,03,Japan,100473068
2024-01-26,06,China,100503527
2024-01-26,09,USA,100988531
2024-01-26,04,UK,100308869
2024-01-26,04,Italy,100770272
2024-01-26,05,Japan,100482863
2024-01-26,07,UK,100974263
2024-01-26,11,Germany,100153693
2024-01-26,07,Brazil,100613938
2024-01-26,09,Canada,100114709
2024-01-26,08,Canada,100008947
2024-01-26,05,Germany,100136866
2024-01-26,03,Italy,100455769
2024-01-26,00,Germany,100714264
2024-01-26,05,Brazil,100861839
2024-01-26,03,UK,100903439
2024-01-26,06,Canada,100413840
2024-01-26,11,USA,100071569
2024-01-26,04,France,100689707
2024-01-26,02,Canada,100957677
2024-01-26,07,USA,100752687
2024-01-26,07,USA,100785672
2024-01-26,00,China,100398710
2024-01-26,02,France,100960794
2024-01-26,06,India,100713265
2024-01-26,06,Germany,100401631
2024-01-26,03,Italy,100032160
2024-01-26,00,Brazil,100902543
2024-01-26,07,Italy,100165382
2024-01-26,08,Italy,100732771
2024-01-26,08,UK,100244417
2024-01-26,03,USA,100748179
2024-01-26,02,Japan,100461350
2024-01-26,10,Brazil,100951076
2024-01-26,11,Germany,100984159
2024-01-26,02,Italy,100374095
2024-01-26,06,USA,100121509
2024-01-26,06,Germany,100215619
2024-01-26,03,Germany,100464158
2024-01-26,07,Italy,100598434
2024-01-26,10,Italy,100417400
2024-01-26,06,UK,100524470
2024-01-26,11,Canada,100167163
2024-01-26,06,USA,100087216
2024-01-26,10,India,100390222
2024-01-26,02,USA,100772732
2024-01-26,00,France,100252898
2024-01-26,06,Canada,100451702
2024-01-26,11,UK,100668644
2024-01-26,07,China,100123207
2024-01-26,01,Brazil,100705198
2024-01-26,09,Japan,100977291
2024-01-26,00,UK,100586609
2024-01-27,07,Japan,100513095
2024-01-27,09,Japan,100138383
2024-01-27,08,USA,100041167
2024-01-27,03,UK,100437643
2024-01-27,11,France,100699858
2024-01-27,11,USA,100154354
2024-01-27,08,Brazil,100965417
2024-01-27,04,France,100143983
2024-01-27,09,Italy,100231483
2024-01-27,07,France,100547664
2024-01-27,10,Japan,100892337
2024-01-27,02,France,100434546
2024-01-27,08,India,100932265
2024-01-27,09,Germany,100461565
2024-01-27,03,Brazil,100407863
2024-01-27,02,USA,100572087
2024-01-27,09,France,100538912
2024-01-27,04,Germany,100669212
2024-01-27,03,UK,100562897
2024-01-27,11,France,100641221
2024-01-27,07,UK,100423018
2024-01-27,07,Brazil,100377917
2024-01-28,01,USA,100974642
2024-01-28,01,India,100552319
2024-01-28,09,Italy,100888897
2024-01-28,02,Italy,100485870
2024-01-28,03,UK,100063552
2024-01-28,04,Italy,100720952
2024-01-28,02,Japan,100146778
2024-01-28,06,Germany,100838221
2024-01-28,00,UK,100452476
2024-01-28,02,Canada,100248823
2024-01-28,11,Japan,100406040
2024-01-28,09,Japan,100291950
2024-01-28,00,Canada,100589464
2024-01-28,03,Germany,100850073
2024-01-28,10,Germany,100377669
2024-01-28,04,Canada,100132193
2024-01-28,10,UK,100495640
2024-01-28,04,Brazil,100244707
2024-01-28,03,Brazil,100300777
2024-01-28,04,France,100787926
2024-01-28,00,France,100354314
2024-01-28,03,France,100755123
2024-01-28,06,France,100169988
2024-01-28,03,USA,100673666
2024-01-28,04,Canada,100022098
2024-01-28,11,India,100040303
2024-01-28,06,UK,100233429
2024-01-28,00,Canada,100496920
2024-01-28,06,UK,100855943
2024-01-28,11,Japan,100010536
2024-01-28,04,USA,100182431
2024-01-28,11,Brazil,100775628
2024-01-28,00,Japan,100936421
2024-01-28,02,Canada,100394331
2024-01-28,08,Brazil,100221984
2024-01-28,02,France,100536876
2024-01-28,00,Germany,100416594
2024-01-28,09,Germany,100420032
2024-01-29,02,France,100075970
2024-01-29,01,UK,100817455
2024-01-29,08,Japan,100213461
2024-01-29,02,India,100030749
2024-01-29,10,Japan,100652062
2024-01-29,02,Brazil,100322403
2024-01-29,11,India,100855952
2024-01-29,06,China,100244269
2024-01-29,07,UK,100263440
2024-01-29,06,Italy,100194937
2024-01-29,11,Italy,100060091
2024-01-29,00,Canada,100836124
2024-01-29,11,China,100012117
2024-01-29,11,India,100068464
2024-01-29,05,UK,100785438
2024-01-29,04,India,100492271
2024-01-29,00,Japan,100391809
2024-01-29,09,Germany,100887111
2024-01-29,02,Italy,100159237
2024-01-29,00,Germany,100901804
2024-01-29,00,Italy,100545454
2024-01-29,02,Japan,100412447
2024-01-29,01,France,100856299
2024-01-29,02,France,100212859
2024-01-29,03,USA,100814505
2024-01-29,06,France,100269789
2024-01-29,07,USA,100523237
2024-01-29,06,Canada,100156640
2024-01-30,02,China,100914511
2024-01-30,08,Canada,100045358
2024-01-30,09,Brazil,100997341
2024-01-30,04,Italy,100064588
2024-01-30,03,France,100323353
2024-01-30,07,Italy,100982100
2024-01-30,09,USA,100178714
2024-01-30,06,Canada,100702647
2024-01-30,02,India,100827294
2024-01-30,01,Brazil,100791052
2024-01-30,01,Italy,100662042
2024-01-30,10,Japan,100867663
2024-01-30,07,Germany,100845305
2024-01-30,06,USA,100666685
2024-01-30,01,Canada,100674698
2024-01-30,03,Germany,100031212
2024-01-30,00,Italy,100397788
2024-01-30,11,Brazil,100136535
2024-01-30,06,Italy,100047372
2024-01-30,02,France,100133528
2024-01-30,08,Canada,100186552
2024-01-30,10,Germany,100367956
2024-01-30,04,Brazil,100065022
2024-01-30,00,Canada,100592647
2024-01-30,03,Japan,100703808
2024-01-30,04,India,100991340
2024-01-30,00,UK,100086770
2024-01-30,09,Germany,100630029
2024-01-30,05,UK,100497648
2024-01-30,08,UK,100481396
2024-01-30,03,Brazil,100974579
2024-01-30,06,India,100639971
2024-01-30,01,Japan,100081361
2024-01-30,06,China,100718297
2024-01-30,03,USA,100383527
2024-01-30,05,UK,100049734
2024-01-30,11,Italy,100161108
2024-01-30,09,France,100903564
2024-01-30,10,USA,100386117
2024-01-30,00,UK,100761730
2024-01-30,05,UK,100045868
2024-01-30,02,Germany,100802215
2024-01-30,08,Italy,100247191
2024-01-30,08,India,100034289
2024-01-30,11,UK,100228766
2024-01-30,03,Japan,100232227
2024-01-30,10,Germany,100484356
2024-01-30,00,Brazil,100684163
2024-01-31,09,Japan,100679651
2024-01-31,10,Japan,100823915
2024-01-31,04,Canada,100971819
2024-01-31,10,UK,100442793
2024-01-31,05,Germany,100177593
2024-01-31,10,Canada,100518454
2024-01-31,09,UK,100279589
2024-01-31,05,Germany,100549029
2024-01-31,02,Italy,100580986
2024-01-31,11,Canada,100452030
2024-01-31,09,Germany,100970706
2024-01-31,11,USA,100096703
2024-01-31,01,China,100501708
2024-01-31,00,USA,100206228
2024-01-31,09,USA,100690687
2024-01-31,01,Canada,100475697
2024-01-31,08,France,100872163
2024-01-31,09,USA,100055672
2024-01-31,09,China,100475178
2024-01-31,02,China,100571791
2024-01-31,10,China,100362677
2024-01-31,07,Japan,100040811
2024-01-31,09,Brazil,100021924
2024-01-31,08,Italy,100825047
2024-01-31,05,Italy,100081716
2024-02-01,07,USA,100412786
2024-02-01,01,Brazil,100463317
2024-02-01,11,France,100096528
2024-02-01,09,Japan,100300461
2024-02-01,10,UK,100085134
2024-02-01,00,China,100499898
2024-02-01,05,Germany,100749749
2024-02-01,03,Germany,100600425
2024-02-01,05,China,100947098
2024-02-01,11,India,100928807
2024-02-01,09,China,100286833
2024-02-01,05,India,100819356
2024-02-01,11,UK,100210165
2024-02-01,11,China,100379237
2024-02-01,01,Japan,100433894
2024-02-01,03,UK,100373327
2024-02-01,07,Italy,100545290
2024-02-01,02,USA,100379704
2024-02-01,08,UK,100247500
2024-02-01,02,India,100992502
2024-02-01,09,Italy,100547328
2024-02-01,00,Brazil,100590612
2024-02-01,11,UK,100211707
2024-02-01,06,Italy,100553749
2024-02-01,08,USA,100623103
2024-02-01,09,Japan,100943272
2024-02-01,01,UK,100107197
2024-02-01,06,India,100095534
2024-02-01,02,China,100893618
2024-02-01,10,France,100097529
2024-02-01,08,France,100069601
2024-02-01,09,Brazil,100126603
2024-02-01,07,Italy,100684703
2024-02-01,00,France,100929236
2024-02-01,00,France,100144240
2024-02-01,05,Germany,100981016
2024-02-01,11,USA,100511186
2024-02-01,00,UK,100098961
2024-02-01,00,India,100382613
2024-02-01,03,Canada,100637911
2024-02-02,03,China,100592141
2024-02-02,11,Canada,100425020
2024-02-02,02,France,100966723
2024-02-02,02,France,100404519
2024-02-02,03,Canada,100335686
2024-02-02,01,France,100147490
2024-02-02,10,UK,100526569
2024-02-02,08,Italy,100428566
2024-02-02,00,China,100280398
2024-02-02,08,Germany,100201921
2024-02-02,03,USA,100282557
2024-02-02,06,China,100013673
2024-02-02,00,Germany,100576243
2024-02-02,02,France,100966318
2024-02-02,09,Italy,100884763
2024-02-02,08,USA,100730226
2024-02-02,02,China,100421647
2024-02-02,09,Germany,100109449
2024-02-02,10,Japan,100940988
2024-02-02,09,India,100004046
2024-02-02,01,Germany,100932304
2024-02-02,11,China,100572001
2024-02-02,10,USA,100818004
2024-02-02,02,Canada,100537596
2024-02-02,02,India,100221160
2024-02-02,02,Brazil,100647067
2024-02-02,06,Germany,100383582
2024-02-02,10,France,100704307
2024-02-02,11,India,100265830
2024-02-02,04,UK,100042094
2024-02-02,07,China,100580670
2024-02-02,04,Brazil,100839535
2024-02-02,01,UK,100106335
2024-02-02,00,Japan,100122275
2024-02-02,11,China,100184408
2024-02-02,07,India,100377758
2024-02-02,01,France,100972778
2024-02-02,06,China,100667233
2024-02-02,07,Canada,100035326
2024-02-02,07,UK,100360002
2024-02-02,03,USA,100554635
2024-02-02,01,Brazil,100970083
2024-02-02,09,Canada,100138520
2024-02-02,03,Germany,100328766
2024-02-02,07,Japan,100534255
2024-02-02,02,Japan,100266401
2024-02-02,11,Germany,100755748
2024-02-02,09,Brazil,100204174
2024-02-02,02,Japan,100102599
2024-02-02,09,UK,100468019
2024-02-02,10,UK,100691652
2024-02-02,10,Germany,100845778
2024-02-02,09,USA,100476997
2024-02-02,02,Italy,100151596
2024-02-02,02,Canada,100534421
2024-02-02,08,UK,100059572
2024-02-02,08,India,100097212
2024-02-02,06,Brazil,100528540
2024-02-02,02,China,100629146
2024-02-02,00,Brazil,100661463
2024-02-02,00,UK,100727899
2024-02-02,10,UK,100201056
2024-02-02,00,Brazil,100274902
2024-02-02,02,Italy,100407794
2024-02-02,00,UK,100495757
2024-02-02,09,India,100454528
2024-02-02,06,USA,100868004
2024-02-02,09,Italy,100640634
2024-02-02,00,China,100087614
2024-02-02,09,Italy,100710012
2024-02-02,11,China,100317232
2024-02-02,10,Canada,100888177
2024-02-02,07,India,100453696
2024-02-02,10,Germany,100144201
2024-02-02,05,Japan,100451590
2024-02-02,10,UK,100074242
2024-02-02,07,Japan,100992764
2024-02-02,00,France,100795291
2024-02-02,05,China,100905560
2024-02-02,07,Italy,100347824
2024-02-02,02,Canada,100092360
2024-02-02,01,China,100319375
2024-02-02,03,China,100277180
2024-02-02,09,Japan,100388601
2024-02-02,03,Brazil,100492676
2024-02-02,03,Canada,100070171
2024-02-02,00,China,100046231
2024-02-02,04,UK,100708459
2024-02-02,08,India,100816636
2024-02-02,02,India,100312426
2024-02-03,07,Germany,100532528
2024-02-03,00,Germany,100837038
2024-02-03,07,Italy,100349269
2024-02-03,10,Brazil,100771523
2024-02-03,11,China,100318238
2024-02-03,05,Italy,100592116
2024-02-03,04,Canada,100470998
2024-02-03,10,Japan,100952527
2024-02-03,08,Canada,100182413
2024-02-03,04,France,100541782
2024-02-03,00,India,100943022
2024-02-03,00,China,100184762
2024-02-03,04,India,100460926
2024-02-03,10,USA,100472183
2024-02-03,04,Japan,100646995
2024-02-03,10,USA,100057768
2024-02-03,07,Canada,100204147
2024-02-03,07,Japan,100282280
2024-02-03,11,France,100959487
2024-02-03,03,China,100434449
2024-02-03,00,Italy,100749838
2024-02-03,11,Italy,100166061
2024-02-03,04,USA,100107422
2024-02-03,02,India,100448861
2024-02-03,04,Germany,100164983
2024-02-03,04,India,100541430
2024-02-03,07,China,100371968
2024-02-03,10,Brazil,100299582
2024-02-03,09,France,100788432
2024-02-03,04,Italy,100200933
2024-02-03,07,UK,100498489
2024-02-03,03,Japan,100857854
2024-02-03,02,Canada,100237155
2024-02-03,07,China,100192269
2024-02-03,10,Canada,100010538
2024-02-03,00,USA,100004419
2024-02-03,01,Brazil,100779173
2024-02-03,01,China,100686411
2024-02-03,00,Brazil,100306785
2024-02-03,00,Italy,100627340
2024-02-03,07,China,100825997
2024-02-03,02,USA,100100712
2024-02-03,08,Brazil,100939915
2024-02-03,11,UK,100687750
2024-02-03,07,China,100109626
2024-02-03,09,China,100117078
2024-02-03,05,Japan,100413250
2024-02-03,00,India,100227249
2024-02-03,02,Canada,100835623
2024-02-03,09,UK,100515351
2024-02-03,04,UK,100213080
2024-02-03,00,Japan,100134682
2024-02-03,07,Brazil,100345358
2024-02-03,04,Italy,100358291
2024-02-03,09,France,100516222
2024-02-03,07,Brazil,100987462
2024-02-03,05,France,100068800
2024-02-03,01,Italy,100939784
2024-02-03,04,China,100368364
2024-02-03,03,Brazil,100029367
2024-02-03,09,UK,100984555
2024-02-03,01,France,100615289
2024-02-03,05,Germany,100415317
2024-02-03,10,Japan,100787711
2024-02-03,08,France,100326353
2024-02-03,09,Germany,100203833
2024-02-03,10,China,100279443
2024-02-03,04,Canada,100504387
2024-02-03,11,China,100290499
2024-02-03,10,Brazil,100555198
2024-02-03,09,France,100135389
2024-02-03,08,Germany,100981197
2024-02-03,07,Germany,100252861
2024-02-03,09,Germany,100378442
2024-02-03,00,Germany,100612895
2024-02-03,03,Italy,100575221
2024-02-03,07,UK,100914313
2024-02-03,07,India,100093839
2024-02-03,11,Italy,100182401
2024-02-03,01,China,100420409
2024-02-03,00,China,100744181
2024-02-03,04,China,100492371
2024-02-03,02,USA,100039418
2024-02-03,09,USA,100743097
2024-02-03,02,Italy,100174673
2024-02-03,01,Japan,100720206
2024-02-03,09,Japan,100478096
2024-02-03,03,USA,100138349
2024-02-03,03,China,100929299
2024-02-03,03,USA,100175629
2024-02-03,03,Germany,100268385
2024-02-03,06,China,100569484
2024-02-03,00,USA,100685350
2024-02-03,09,UK,100579162
